Series Name,Series Code,Country Name,Country Code,1990 [YR1990],2000 [YR2000],2013 [YR2013],2014 [YR2014],2015 [YR2015],2016 [YR2016],2017 [YR2017],2018 [YR2018],2019 [YR2019],2020 [YR2020],2021 [YR2021],2022 [YR2022]
Population ages 15-64 (% of total population),SP.POP.1564.TO.ZS,Afghanistan,AFG,50.2789300515877,47.9969344494884,50.729094606505,51.3593001756622,51.8020783563802,52.0800436941602,52.4815668980114,52.8844624265785,53.290894238376,53.7751348360726,54.1713988581692,54.4750267397973
Population ages 15-64 (% of total population),SP.POP.1564.TO.ZS,Albania,ALB,61.698500378824,62.634165933249,68.2191184386359,68.2899391214319,68.2998896263132,68.2347626553116,68.155645969323,68.0665850310722,67.897689659306,67.7063681600196,67.4840351559353,67.1981982330638
Population ages 15-64 (% of total population),SP.POP.1564.TO.ZS,Algeria,DZA,54.0381006027336,61.9191670955103,66.874105351921,66.3659438520228,65.806022127041,65.2250049229253,64.6499659937419,64.1215291136808,63.6723717768646,63.3354472530466,63.1059234876316,62.9689671510231
Population ages 15-64 (% of total population),SP.POP.1564.TO.ZS,American Samoa,ASM,57.0580116274206,56.6662945757734,62.8370601000094,63.2032020529909,63.553184862171,63.8994608309546,64.2561106281463,64.6311746241533,65.0035396920996,65.3478100846522,65.6433884756301,65.5903777740132
Population ages 15-64 (% of total population),SP.POP.1564.TO.ZS,Andorra,AND,72.7270181726542,72.0049926245319,72.1234753000357,71.9567448322082,71.9083426835133,71.8956996436473,72.1201573747401,72.3943023589087,72.4853621157146,72.470398970399,72.3897310018473,72.2370465023051
Population ages 15-64 (% of total population),SP.POP.1564.TO.ZS,Angola,AGO,51.3180829152977,51.1311717620685,51.6700461490767,51.6790607488963,51.6936352575454,51.7355793759201,51.8098504837757,51.8945205199553,51.9984151371403,52.1034231104574,52.2264253212768,52.3848135941605
Population ages 15-64 (% of total population),SP.POP.1564.TO.ZS,Antigua and Barbuda,ATG,61.1625189489641,64.9450403037772,70.290518322655,70.5472006813394,70.7790150154825,70.9637882393211,71.0526893403132,71.1406759035421,71.1843155135074,71.1128377795044,70.9862206941681,70.8344442903917
Population ages 15-64 (% of total population),SP.POP.1564.TO.ZS,Argentina,ARG,60.8964173025107,62.0778819195666,64.0668860528369,64.1135466076325,64.1583072712133,64.2036604565357,64.2627108587214,64.3470942996825,64.4598576572582,64.6161477991667,64.8213554497471,65.0283403864592
Population ages 15-64 (% of total population),SP.POP.1564.TO.ZS,Armenia,ARM,64.5455364688063,64.0155422549336,70.4313578569128,70.1356728598397,69.7191806626463,69.2197736436327,68.6845507399744,68.1713253074061,67.671328261011,67.2487804339059,66.8320390716716,66.3739462658997
Population ages 15-64 (% of total population),SP.POP.1564.TO.ZS,Aruba,ABW,66.6861964800682,69.8252544864816,69.7953926905132,69.6208274610499,69.3523247727981,69.027742682921,68.6812691758703,68.3205692633645,67.9625149728727,67.7120031524284,67.6570940475799,67.6170792428014
Population ages 15-64 (% of total population),SP.POP.1564.TO.ZS,Australia,AUS,66.891254066532,66.8942541322643,66.6734972377616,66.4238210999903,66.1745696773414,65.9349037679275,65.7310259740886,65.5510217889022,65.3896077519692,65.2246788528912,65.057515523364,64.9178689865597
Population ages 15-64 (% of total population),SP.POP.1564.TO.ZS,Austria,AUT,67.5340346039038,67.5406315654649,67.4426817306931,67.325788691884,67.2484249494441,67.1460203137726,66.9851284956538,66.8170708428951,66.6448459474302,66.4473526896778,66.1733494491532,65.8148777514741
Population ages 15-64 (% of total population),SP.POP.1564.TO.ZS,Azerbaijan,AZE,61.0410017130157,63.4873815326524,70.6256298768571,70.3873702823598,70.1009836284962,69.8077974805759,69.5912910076456,69.4628324598968,69.3453022857094,69.3043797680709,69.3584606678644,69.4120885794019
Population ages 15-64 (% of total population),SP.POP.1564.TO.ZS,"Bahamas, The",BHS,63.5841716572028,65.0902730343924,68.8413068844807,69.295430073677,69.6961401587736,70.1247422511184,70.5631296676858,70.9548116290729,71.2831566380016,71.5545862379035,71.8096470873768,72.0461042382142
Population ages 15-64 (% of total population),SP.POP.1564.TO.ZS,Bahrain,BHR,64.0392641546446,68.2626974510923,77.7236653237408,77.1236284301878,76.8576624169874,77.0321729834336,77.2427057578283,77.2701188935008,76.9835265095401,76.5039063425358,76.1340986991083,76.0576960304517
Population ages 15-64 (% of total population),SP.POP.1564.TO.ZS,Bangladesh,BGD,53.6149821893902,58.9303644916583,63.8035710537028,64.4095999880381,64.9914197712457,65.5537627840451,66.0974536296591,66.5826225927406,66.9993062673941,67.3848587426339,67.7199042390233,67.9864231015235
Population ages 15-64 (% of total population),SP.POP.1564.TO.ZS,Barbados,BRB,64.7001560640944,66.9137789667381,68.1770899174688,68.1660438281326,68.1618437660698,68.1707093870784,68.1202921339461,67.9829524631867,67.7710182222468,67.4705104865458,67.1222743994922,66.7986933442221
Population ages 15-64 (% of total population),SP.POP.1564.TO.ZS,Belarus,BLR,66.2770382196907,67.6076130388757,69.7917989288459,69.2431543059312,68.7273448502048,68.247140792595,67.7999234848076,67.3904075916706,66.9716396710306,66.6075394079797,66.330495890785,66.0397225807423
Population ages 15-64 (% of total population),SP.POP.1564.TO.ZS,Belgium,BEL,66.9484913516013,65.5902460386527,65.2151841572252,64.994520307965,64.8056304668522,64.6467616920489,64.4724517511303,64.288182773162,64.1139125367228,63.9988837297645,63.8948192337724,63.7372908039084
Population ages 15-64 (% of total population),SP.POP.1564.TO.ZS,Belize,BLZ,51.7006728207263,56.1287987820604,62.6917135086129,63.3361715412888,63.9524996457064,64.528568997788,65.0476989859712,65.5020336800448,65.9670517482877,66.4179246202717,66.8084473453307,67.1740618966251
Population ages 15-64 (% of total population),SP.POP.1564.TO.ZS,Benin,BEN,50.6781688112573,51.5396777061178,53.5268527972479,53.6482825371715,53.748416402831,53.8121450154304,53.8767727606421,53.9622543382881,54.0725135723331,54.1984761201801,54.3456110093988,54.5044156819091
Population ages 15-64 (% of total population),SP.POP.1564.TO.ZS,Bermuda,BMU,71.6913172089786,70.4591745286862,69.3769092684156,69.1192486780838,68.9131192195616,68.5593327836621,67.9723429474516,67.3192178823677,66.6940911904594,66.048211399255,65.4202695333801,64.8853296771781
Population ages 15-64 (% of total population),SP.POP.1564.TO.ZS,Bhutan,BTN,55.0833390038715,57.9457499655147,66.5355537918351,66.8988683478259,67.2976587368857,67.7270038538922,68.2961666874967,69.0146195396515,69.746722626225,70.4416535276102,71.0610409312573,71.6030314842387
Population ages 15-64 (% of total population),SP.POP.1564.TO.ZS,Bolivia,BOL,55.5847652688727,56.4564437352083,61.3513067480168,61.701233971368,62.0503106130246,62.3798839662433,62.696047368494,63.0051206587803,63.3055396457316,63.6195579450078,63.9678580322054,64.3225805396058
Population ages 15-64 (% of total population),SP.POP.1564.TO.ZS,Bosnia and Herzegovina,BIH,68.9072550728304,69.0301841195401,69.9818814263819,69.8650893605344,69.6305163770414,69.303381283349,68.8849244497209,68.3729205568377,67.8285535667075,67.3330957695822,66.9374703258357,66.7309205599521
Population ages 15-64 (% of total population),SP.POP.1564.TO.ZS,Botswana,BWA,51.4577994057283,57.6871998561655,62.3654092991497,62.4550655411015,62.5598355697179,62.6992552973741,62.8530626519668,62.9929691440655,63.1208966350582,63.2807584976763,63.4927521506338,63.7428829302862
Population ages 15-64 (% of total population),SP.POP.1564.TO.ZS,Brazil,BRA,60.2949836664584,64.6622024162058,69.2259608751097,69.4444658450841,69.5960091858107,69.7265502011224,69.8240972301091,69.8545804800066,69.8594635681549,69.8744739258577,69.8782675323868,69.8519813653299
Population ages 15-64 (% of total population),SP.POP.1564.TO.ZS,British Virgin Islands,VGB,67.0989018025806,69.0352426194444,72.9991450456266,73.3405819612716,73.6459450715976,73.9702074716702,74.2747837658017,74.5459040712049,74.781117281934,75.0452927855063,75.3213161107898,75.5658132217413
Population ages 15-64 (% of total population),SP.POP.1564.TO.ZS,Brunei Darussalam,BRN,61.4278760343988,63.9706642030507,71.4174677103005,71.5631120156676,71.7068882263402,71.821668849796,71.8976053770076,71.9353772786567,71.9295922711755,71.8948440771973,71.8429271644217,71.7734795986205
Population ages 15-64 (% of total population),SP.POP.1564.TO.ZS,Bulgaria,BGR,65.5831423641852,67.5823165157625,66.2646818282592,65.7766946008836,65.3815810328647,65.0297347858456,64.6912182975438,64.3341933581227,63.987962053912,63.7158377398358,63.5841598752808,63.6262076720378
Population ages 15-64 (% of total population),SP.POP.1564.TO.ZS,Burkina Faso,BFA,49.7078830695601,50.4879243160417,51.647482629328,51.7216536136733,51.8415156047893,52.0072321866859,52.2154813717793,52.4448206352825,52.6962329772864,53.0010650187389,53.361833809348,53.7435913810862
Population ages 15-64 (% of total population),SP.POP.1564.TO.ZS,Burundi,BDI,48.6602476916755,49.370483615991,51.8877854767846,51.5691912629095,50.9225680990619,50.1986893450646,49.919264713225,50.0688934523487,50.450978783879,50.812998433376,51.2303551855904,51.7465760027104
Population ages 15-64 (% of total population),SP.POP.1564.TO.ZS,Cabo Verde,CPV,48.0891531927908,53.0784439095605,64.2809386228099,64.9947076963646,65.639590268144,66.1595878899237,66.5417007402373,66.8864665096293,67.2367405189154,67.5885624056021,67.9458264234384,68.2700567057715
Population ages 15-64 (% of total population),SP.POP.1564.TO.ZS,Cambodia,KHM,52.8668780653786,56.7537852835927,64.714104291404,64.8316249163876,64.8968157855189,64.9454751865866,64.9963802900929,65.035718501163,65.061116456292,65.1018681289629,65.168477216275,65.2454870088385
Population ages 15-64 (% of total population),SP.POP.1564.TO.ZS,Cameroon,CMR,50.0223699359259,51.4377324410618,53.4353402348743,53.6487517592816,53.8921827178808,54.0428325678159,54.1404982371816,54.2590602812051,54.4335675336852,54.6378496027334,54.8678484811807,55.1207074493248
Population ages 15-64 (% of total population),SP.POP.1564.TO.ZS,Canada,CAN,68.0650931297124,68.3318579113647,68.5147194001909,68.1408095240032,67.7545145228694,67.3790409090975,67.0474708924841,66.7549370661802,66.4551664877988,66.1132110479891,65.7453482127066,65.3885933304723
Population ages 15-64 (% of total population),SP.POP.1564.TO.ZS,Cayman Islands,CYM,71.3572183267698,74.8162436804216,76.3296227581942,76.3455032362595,76.291638620282,76.1896730356842,76.0415847501612,75.8661611491277,75.6993377082892,75.5825614131525,75.3903956792298,75.0740479292051
Population ages 15-64 (% of total population),SP.POP.1564.TO.ZS,Central African Republic,CAF,51.8343341445903,52.1449415695486,50.4350142849602,49.6198216425601,49.0735543694532,49.0615908579981,49.0522422514995,49.0446103659039,49.1301511357183,49.3126920730224,49.3173594407122,49.3539286092928
Population ages 15-64 (% of total population),SP.POP.1564.TO.ZS,Chad,TCD,49.4734145073621,48.4186241250145,49.4572140621536,49.6095950935107,49.6148730922753,49.6307611022996,49.746915725986,49.8915132518724,50.0238329009493,50.1506320194447,50.3202551377378,50.4824788839582
Population ages 15-64 (% of total population),SP.POP.1564.TO.ZS,Channel Islands,CHI,69.3772826036707,68.3933616183722,68.302627132433,68.1301949817447,67.9906282754794,67.8444798025916,67.7365856611083,67.8795633093783,68.1651024142613,68.3947695229747,68.5108884172489,68.4811580882353
Population ages 15-64 (% of total population),SP.POP.1564.TO.ZS,Chile,CHL,64.1910832063991,65.2043374592234,69.0531675336464,69.0429153256711,68.9890232434873,68.9407021319734,68.9701983991465,69.029640241007,69.0481289528543,68.9855520229994,68.8619040157343,68.6502157522753
Population ages 15-64 (% of total population),SP.POP.1564.TO.ZS,China,CHN,65.8196317084304,68.5454724435051,72.35233191749,72.0059584388966,71.62337796961,71.1957118939645,70.6489642972226,70.1293960945994,69.7163732528515,69.3766175836562,69.182174514413,69.0310256609004
Population ages 15-64 (% of total population),SP.POP.1564.TO.ZS,Colombia,COL,59.8245673095099,62.7551867059085,67.9893866356041,68.262574830037,68.494771446898,68.7125510794214,68.9695064413545,69.2497486883399,69.4679281743718,69.6053276353906,69.6843191903994,69.658047927803
Population ages 15-64 (% of total population),SP.POP.1564.TO.ZS,Comoros,COM,49.3668801421417,50.2718639236527,55.2395114331366,55.6561462723828,56.0232561483562,56.3521800190825,56.6291041719183,56.8248523309204,56.9915902430637,57.1953543066812,57.4328571837169,57.6865185142694
Population ages 15-64 (% of total population),SP.POP.1564.TO.ZS,"Congo, Dem. Rep.",COD,52.4962479722669,50.9259350106673,50.7291544335388,50.7027462541439,50.6728891253646,50.6831291652262,50.6843054137207,50.62489726551,50.5427200821721,50.505358382266,50.5125947844236,50.5420804472169
Population ages 15-64 (% of total population),SP.POP.1564.TO.ZS,"Congo, Rep.",COG,52.3340397034503,54.2425407542366,55.9448901542678,55.6638542859087,55.4499893965428,55.3359295915891,55.325812666905,55.3759817476809,55.4942909213465,55.6804211867263,55.9210073124432,56.2284521166336
Population ages 15-64 (% of total population),SP.POP.1564.TO.ZS,Costa Rica,CRI,59.5286762129766,63.2719452501984,68.4354074425001,68.5718965746982,68.7018537592217,68.8077642888414,68.8594341650611,68.8671828348808,68.869865394678,68.8812253506419,68.9212579771232,68.9846258195358
Population ages 15-64 (% of total population),SP.POP.1564.TO.ZS,Cote d'Ivoire,CIV,50.2888386971187,52.4295834382461,53.542428563815,53.7166540725663,54.0019996829223,54.2858448497677,54.5606308077198,54.8517035692552,55.1620780852478,55.4807930488641,55.7989812232941,56.1281516504876
Population ages 15-64 (% of total population),SP.POP.1564.TO.ZS,Croatia,HRV,68.40411912371,67.1425484023732,66.6881573021687,66.4585226047229,66.1771310856054,65.8847195301049,65.5316864189612,65.1153291022561,64.6574981569714,64.2363882959904,63.8915499248732,63.5605774425718
Population ages 15-64 (% of total population),SP.POP.1564.TO.ZS,Cuba,CUB,68.8061558266552,68.8907615855548,69.2605877121651,69.2118911481495,69.164716178123,69.1092933559448,69.0426947519959,68.9120396771115,68.7455522024471,68.5876660008081,68.5302525302889,68.4704666554467
Population ages 15-64 (% of total population),SP.POP.1564.TO.ZS,Curacao,CUW,64.8900582839057,64.8312874759588,66.0362594500891,65.9316591826836,65.8413535253462,65.8169316414772,65.8923360802684,67.6922618854278,68.6292279130946,68.0400552595641,68.0189977828915,67.8976373627811
Population ages 15-64 (% of total population),SP.POP.1564.TO.ZS,Cyprus,CYP,65.5191502853519,67.803582963129,71.603218081722,71.4145769523235,71.1813135907284,70.9173236250831,70.647269435501,70.3874860419533,70.1239749958599,69.839528030273,69.5378029686832,69.2418268326077
Population ages 15-64 (% of total population),SP.POP.1564.TO.ZS,Czechia,CZE,66.026292586999,69.7936140838382,67.991633500332,67.2937659200804,66.6399320207368,66.008523032882,65.398974770933,64.8321819362172,64.3159719806762,63.8732950439863,63.5444681138611,63.4040725802379
Population ages 15-64 (% of total population),SP.POP.1564.TO.ZS,Denmark,DNK,67.3438687981735,66.6872602705099,64.6004286462552,64.4511762137204,64.3283502964883,64.2065501203202,64.0707289310823,63.9327769883777,63.8079424722191,63.6842452186807,63.5661192942108,63.4533248819353
Population ages 15-64 (% of total population),SP.POP.1564.TO.ZS,Djibouti,DJI,53.2567763419492,57.3867721427296,61.180547515957,61.5508350381893,61.9716693217154,62.4426405175999,62.9476102698195,63.4542914383115,63.9254967904849,64.3514322720785,64.7338559957307,65.0716399227906
Population ages 15-64 (% of total population),SP.POP.1564.TO.ZS,Dominica,DMA,57.8520901247095,60.1366575951775,67.0350269186338,67.8871574577273,68.7443308835608,69.2565108811987,69.7839580699686,70.1641427512443,70.4618636949096,70.7026231170437,70.8192646297255,70.8472246090394
Population ages 15-64 (% of total population),SP.POP.1564.TO.ZS,Dominican Republic,DOM,57.8277835164632,60.2183767160222,64.5426265950619,64.7134514640227,64.8879782029923,65.046791566713,65.1767302411779,65.2746234846485,65.3429174593642,65.4116464562757,65.4722596007231,65.4874095864561
Population ages 15-64 (% of total population),SP.POP.1564.TO.ZS,Ecuador,ECU,57.3240923602879,59.7221147543022,63.7559733789811,64.0327788066595,64.3231139580864,64.6271636419046,64.9388744431316,65.3071963689473,65.6629923631526,65.9658726019369,66.2602835405423,66.4784761957669
Population ages 15-64 (% of total population),SP.POP.1564.TO.ZS,"Egypt, Arab Rep.",EGY,54.6217999258074,58.4920208518061,62.4388623343338,62.3135796970477,62.1581338756495,62.064689420064,62.0385310214885,62.0201091537155,62.0275164227355,62.0811053006271,62.174485768417,62.3052359001775
Population ages 15-64 (% of total population),SP.POP.1564.TO.ZS,El Salvador,SLV,54.9100933656209,57.9733814753489,63.156713308278,63.7591690767404,64.2837597932681,64.7259823598394,65.077339112919,65.3364678552836,65.5576789782901,65.812244318087,66.0878571878241,66.3633736675382
Population ages 15-64 (% of total population),SP.POP.1564.TO.ZS,Equatorial Guinea,GNQ,54.7798405753207,54.1278758264876,58.1988213267349,58.2639673312574,58.2478639141245,58.157487187497,58.0380493749888,57.9573215080439,57.9677282577515,57.9776241135529,58.0856249336557,58.3840425862197
Population ages 15-64 (% of total population),SP.POP.1564.TO.ZS,Eritrea,ERI,52.0622476697241,51.905204587193,54.1749902240861,54.0793609002761,53.9344390399299,53.9528643540857,54.1076317960937,54.4998373906813,54.9993026216282,55.578469167022,56.210707806399,56.7901903118907
Population ages 15-64 (% of total population),SP.POP.1564.TO.ZS,Estonia,EST,66.111586490895,67.3822990078221,66.0621184743488,65.5517273907096,65.0959014769257,64.6624371972425,64.2547883436549,63.9560639036114,63.6632245409609,63.3530257761891,63.1592435017359,63.0146252588491
Population ages 15-64 (% of total population),SP.POP.1564.TO.ZS,Eswatini,SWZ,49.6504728861806,53.4801913446576,58.853287836476,59.019154161467,59.2226104471505,59.4468037432912,59.6896100845022,59.9604025240698,60.2688667106128,60.6125836929501,60.9774120145504,61.3046171974763
Population ages 15-64 (% of total population),SP.POP.1564.TO.ZS,Ethiopia,ETH,50.9178559575919,49.7974064350811,53.5423911611062,54.0388138797462,54.5198775990242,54.9846037819991,55.440947150297,55.8517060079077,56.2104262102352,56.5567115524855,56.9005771437775,57.2339347638359
Population ages 15-64 (% of total population),SP.POP.1564.TO.ZS,Faroe Islands,FRO,63.7755639335285,62.6704190803666,62.8030897600066,62.2899235522909,62.0097712863479,61.8686868686869,61.7274365176536,61.6907074869983,61.6019426868675,61.510063913002,61.4292331981433,61.3708925493742
Population ages 15-64 (% of total population),SP.POP.1564.TO.ZS,Fiji,FJI,58.100982791538,62.1284347246905,64.9662325264683,64.9658678841365,64.9880069777584,65.0401635069052,65.0929769096052,65.1529495231753,65.2166741338397,65.2739721562501,65.3688935707453,65.4928229253382
Population ages 15-64 (% of total population),SP.POP.1564.TO.ZS,Finland,FIN,67.2971666755238,66.9283543226327,64.5045851883061,63.9327232316681,63.4347976926928,63.0289347885862,62.656011163116,62.3163231505036,62.0629692477809,61.848581093154,61.6798488870649,61.5524120355284
Population ages 15-64 (% of total population),SP.POP.1564.TO.ZS,France,FRA,65.8458951328098,65.1296027663845,63.5193513304928,63.0869853477102,62.7080024376832,62.3983313715085,62.1154391215783,61.8543554087466,61.621986517232,61.4383009269549,61.3033694085631,61.142578102636
Population ages 15-64 (% of total population),SP.POP.1564.TO.ZS,French Polynesia,PYF,60.9902434749241,64.09872193905,68.237556938118,68.2840416320251,68.4096618423713,68.5472071240353,68.6597247254616,68.7015192931582,68.6733340562363,68.6441253380454,68.6631670350489,68.6633755497439
Population ages 15-64 (% of total population),SP.POP.1564.TO.ZS,Gabon,GAB,51.9176218366221,54.2293810089993,59.1509738719338,59.3211855166788,59.4239535581905,59.4676794783639,59.4739408251179,59.4769917949792,59.5034389155807,59.5682449370206,59.6789694423194,59.8289655576566
Population ages 15-64 (% of total population),SP.POP.1564.TO.ZS,"Gambia, The",GMB,50.7666376293645,50.6182440963341,51.6453833988393,51.8323276316926,52.0466940818198,52.2865365199591,52.555191613911,52.8666532647038,53.2227383216479,53.6196068756932,54.0612568849268,54.5179549680856
Population ages 15-64 (% of total population),SP.POP.1564.TO.ZS,Georgia,GEO,66.1592108739547,64.7615617846127,67.5625276923209,67.1463886059029,66.668085338832,66.1667254468843,65.695299451205,65.2713114591134,64.8941785857444,64.5913526391482,64.348945444095,64.1272780273292
Population ages 15-64 (% of total population),SP.POP.1564.TO.ZS,Germany,DEU,68.9575360252355,67.9599139328551,66.1650570931529,66.044877873583,65.8448584682172,65.5946968485817,65.2979434373687,64.9792318923014,64.6307203669172,64.2847166479732,63.9564500545325,63.6285982930303
Population ages 15-64 (% of total population),SP.POP.1564.TO.ZS,Ghana,GHA,50.6215906770656,54.5269452058737,57.8379898535897,57.9040268621922,58.0032502579843,58.1547356768105,58.3688053920121,58.5869606430744,58.7811339214251,59.0128793141378,59.2683560151916,59.5077206431421
Population ages 15-64 (% of total population),SP.POP.1564.TO.ZS,Gibraltar,GIB,66.4018742907347,65.7642881603374,65.3080744191787,64.8850610131887,64.3982841064592,63.9444188545985,63.5421139807374,63.2060156824308,62.9438130057671,62.7268141308834,62.4665207609544,62.1290085454378
Population ages 15-64 (% of total population),SP.POP.1564.TO.ZS,Greece,GRC,66.7895669443243,68.3098889492756,65.1161612406536,64.8626432084379,64.6449622967951,64.4227647510052,64.2093554210893,64.0303235020683,63.8484081367699,63.6411991287863,63.4316321162544,63.308722768701
Population ages 15-64 (% of total population),SP.POP.1564.TO.ZS,Greenland,GRL,70.3564812316768,68.0789904599174,71.0576048779618,71.1156784772798,71.1143314637397,71.0708920523643,70.9588306289392,70.7657649603976,70.4883739641162,70.1114651102603,69.6531123873193,69.1274395211277
Population ages 15-64 (% of total population),SP.POP.1564.TO.ZS,Grenada,GRD,56.1607115813705,58.3569141410381,66.7372129514428,66.8020089427621,66.8447085422279,66.7818381874865,66.6297277963621,66.4714621054187,66.3075939001088,66.1806684295222,66.0845839017735,65.9683109118087
Population ages 15-64 (% of total population),SP.POP.1564.TO.ZS,Guam,GUM,66.3229992008014,64.6074131876707,65.1052952937374,64.6924530047421,64.2503780256938,63.7931290522821,63.3467966739025,62.9471537485623,62.5726468355631,62.3417104431221,62.2447723034703,62.105842252488
Population ages 15-64 (% of total population),SP.POP.1564.TO.ZS,Guatemala,GTM,51.0584130820999,52.5720579957522,58.4245592111323,58.9376049240983,59.4195201619488,59.8958222555167,60.358753204333,60.7905419145338,61.2121706355905,61.6708840841945,62.1698540933409,62.6927044232687
Population ages 15-64 (% of total population),SP.POP.1564.TO.ZS,Guinea,GIN,52.3446547367627,50.9214022317709,52.627184107719,52.9228453807477,53.2115499584831,53.4605986010375,53.6974966931256,53.9424977465906,54.211730758949,54.5038309856702,54.8107894039465,55.1342143589011
Population ages 15-64 (% of total population),SP.POP.1564.TO.ZS,Guinea-Bissau,GNB,47.6841211626926,51.7791378146304,54.2419757885793,54.4131591129284,54.6137080549762,54.8473291700996,55.1352212557914,55.473752756234,55.8343460005334,56.2173707280581,56.6261031939792,57.0667120068219
Population ages 15-64 (% of total population),SP.POP.1564.TO.ZS,Guyana,GUY,59.4713140453999,59.6729995744686,64.4174196453001,64.5478388795324,64.6346971183965,64.6763150995867,64.6697290016928,65.1945095822608,65.3721488369997,65.0810585021111,65.1226684663925,65.1092366940328
Population ages 15-64 (% of total population),SP.POP.1564.TO.ZS,Haiti,HTI,53.9583634311749,55.9303820130668,61.0351843633195,61.3739419211466,61.6928286025512,61.9876741770243,62.2438019417881,62.4778102834971,62.7021672446906,62.9240373592833,63.1520980568014,63.3809223318214
Population ages 15-64 (% of total population),SP.POP.1564.TO.ZS,Honduras,HND,50.5368740097925,54.2083757403228,61.0427896079495,61.6684778824885,62.2829746025757,62.8655406692723,63.4120618163256,63.9174499762582,64.3816557147432,64.8157638150587,65.2286644771768,65.6103535181318
Population ages 15-64 (% of total population),SP.POP.1564.TO.ZS,"Hong Kong SAR, China",HKG,70.3666828892366,71.7742466233707,73.938238767223,73.4439417517219,72.9021653648252,72.2311017846195,71.4332142981352,70.6356165262435,69.8085536633845,68.995998177566,68.2230561732057,67.486755336089
Population ages 15-64 (% of total population),SP.POP.1564.TO.ZS,Hungary,HUN,66.3989492279266,68.1774015137146,68.1999430095457,67.816737318301,67.4196022732467,67.020320568161,66.6633244597143,66.3122998519643,65.8390466726407,65.3455271472521,65.0266545524278,65.5478121849858
Population ages 15-64 (% of total population),SP.POP.1564.TO.ZS,Iceland,ISL,64.4068394769812,65.1508907063831,66.349766761464,66.2018321742992,66.1356946409935,66.1986537553493,66.4319679191693,66.7097799663405,66.8374566384265,66.7186208815035,66.4457855725222,66.1886545534509
Population ages 15-64 (% of total population),SP.POP.1564.TO.ZS,India,IND,57.9527671115621,60.4565070280272,65.0638681935266,65.4046069057049,65.7254343535312,66.0459518326112,66.3636818596127,66.6582552552805,66.933943107887,67.2153464001391,67.5099443908563,67.7972461759962
Population ages 15-64 (% of total population),SP.POP.1564.TO.ZS,Indonesia,IDN,60.2026659833987,64.3766383050887,66.6405475233536,66.7918775313695,66.9387118924193,67.0836528194584,67.2174914256008,67.3373537562979,67.4437157689221,67.5715448629821,67.7438828466478,67.9363485779646
Population ages 15-64 (% of total population),SP.POP.1564.TO.ZS,"Iran, Islamic Rep.",IRN,53.1376387078173,62.8006908143501,72.0114820585586,71.4311320303557,70.7435443214451,70.2092186250103,69.7720473633321,69.3751773730721,69.0886950011969,68.8998686765412,68.8138199108639,68.811552539978
Population ages 15-64 (% of total population),SP.POP.1564.TO.ZS,Iraq,IRQ,51.3910122510378,53.392392371583,56.2377903071122,56.4216259251769,56.6500893027105,56.9096385820817,57.1808072814826,57.4676361514785,57.7740148359184,58.1113990374811,58.4692637071016,58.8595390274633
Population ages 15-64 (% of total population),SP.POP.1564.TO.ZS,Ireland,IRL,61.3934600141247,67.1057765285058,65.9063896869617,65.6557664775238,65.5228730153287,65.4157656595001,65.3530436338836,65.3113337099315,65.2990419359075,65.2778471363103,65.2577666295132,65.2795873312312
Population ages 15-64 (% of total population),SP.POP.1564.TO.ZS,Isle of Man,IMN,63.2326781915473,65.1703237076837,64.4256537938165,64.0352340993611,63.6638235258933,63.3706612981504,63.199928212491,63.0852695597162,63.0234830162153,62.9998036777698,63.0593317391279,63.0422565206846
Population ages 15-64 (% of total population),SP.POP.1564.TO.ZS,Israel,ISR,59.6562871753191,61.953253561656,61.4359266520299,61.2157676272038,60.9592136545244,60.6597320826586,60.3922047422531,60.2161324039793,60.0749635263201,59.9569831057177,59.9000130223856,59.8859366281901
Population ages 15-64 (% of total population),SP.POP.1564.TO.ZS,Italy,ITA,68.5055495169977,67.4166538264948,64.7227715661634,64.4531677550101,64.2570947847012,64.1303906036509,64.0449178481873,63.981815651042,63.8781985621066,63.7699228420107,63.6677831104906,63.5161719486847
Population ages 15-64 (% of total population),SP.POP.1564.TO.ZS,Jamaica,JAM,56.6755761164317,60.705055690499,69.4062555330098,69.998272607031,70.4459687784102,70.7563308250932,71.0839593921824,71.4348281460328,71.7820520702985,72.1242694612233,72.4643344604589,72.7113504849194
Population ages 15-64 (% of total population),SP.POP.1564.TO.ZS,Japan,JPN,69.7264801012232,67.822628445044,61.5163294295932,60.6790803827851,59.9983176547711,59.5089943621879,59.1349638273284,58.857734182426,58.6481367866975,58.501114304099,58.4389436662632,58.4527111578275
Population ages 15-64 (% of total population),SP.POP.1564.TO.ZS,Jordan,JOR,51.8468436502234,56.9578400585106,61.1040760699349,61.4958767737588,61.8107871962246,62.1076865125944,62.3945371007436,62.6972354472436,63.0086683095168,63.3290299935372,63.6673199065954,64.0673422696711
Population ages 15-64 (% of total population),SP.POP.1564.TO.ZS,Kazakhstan,KAZ,62.8430522567046,65.4758806340339,67.3621576582112,66.7112041505665,66.0073104770637,65.3006013617517,64.6307027742679,64.0081326569677,63.4300621224257,62.9114923076753,62.5176832683079,62.2910673565385
Population ages 15-64 (% of total population),SP.POP.1564.TO.ZS,Kenya,KEN,48.5310647128081,51.9443136931024,55.2662163339969,55.5753531601437,55.9286734294472,56.3330376845691,56.7710728193802,57.2252968492334,57.7075362919014,58.2239085380656,58.7610738741749,59.315518413803
Population ages 15-64 (% of total population),SP.POP.1564.TO.ZS,Kiribati,KIR,56.1495404234361,56.2248453428351,60.8797910176417,60.9666478236292,60.9713255045777,60.886569405888,60.714923668086,60.4818360645011,60.2586907703576,60.1228813056732,60.0862082343995,60.1113299779397
Population ages 15-64 (% of total population),SP.POP.1564.TO.ZS,"Korea, Dem. People's Rep.",PRK,68.9494280962735,68.0452240899203,69.2926002704043,69.438321005331,69.4980900122199,69.6476680954269,69.9093107915261,70.0408369956654,70.0221473595064,69.8856869132181,69.6944052129553,69.3876711816699
Population ages 15-64 (% of total population),SP.POP.1564.TO.ZS,"Korea, Rep.",KOR,69.1789412196456,71.8760990259356,73.2064071566282,73.2521853471681,73.2710940167726,73.2664465457639,73.0767911799195,72.7870779787487,72.4807941080881,72.0045160651504,71.4568795580502,70.9372223548877
Population ages 15-64 (% of total population),SP.POP.1564.TO.ZS,Kosovo,XKX,58.0356954287958,57.8395660802622,65.7778298358868,65.6886088438072,65.9181966913039,66.4542020639473,66.8787938548178,67.1664341078925,67.3629805454991,67.6721143880838,68.0870055195232,68.4778728376916
Population ages 15-64 (% of total population),SP.POP.1564.TO.ZS,Kuwait,KWT,59.6384342699355,69.7618715991486,76.0234969359811,75.976181307686,75.9439799444476,75.8481603029581,75.6557879097565,75.7125909924417,75.6387241492788,75.0417875975718,74.4222154982196,74.3539922597838
Population ages 15-64 (% of total population),SP.POP.1564.TO.ZS,Kyrgyz Republic,KGZ,57.5310587626009,59.0485214121789,64.5968745847583,64.1772112167728,63.6875134246005,63.1868738990868,62.7112830764186,62.2190475142221,61.7381547313787,61.3788068061724,61.150166209809,61.0118083926654
Population ages 15-64 (% of total population),SP.POP.1564.TO.ZS,Lao PDR,LAO,52.6769912914589,53.8352354593284,61.7286936626741,62.2335594027845,62.7196066722859,63.1497835152338,63.5063476746009,63.8076423726906,64.0812539785828,64.347093251782,64.6260853872175,64.9030310878248
Population ages 15-64 (% of total population),SP.POP.1564.TO.ZS,Latvia,LVA,66.67230610945,67.2280111906666,66.0598778283784,65.5393803899377,65.0676257916534,64.5912086085668,64.1108773634974,63.7265480162665,63.3341429455082,62.9495923148127,62.7586624608641,62.5837070306611
Population ages 15-64 (% of total population),SP.POP.1564.TO.ZS,Lebanon,LBN,59.1310430936143,62.9276621390988,68.698512366453,68.7444142553582,68.1233898210789,66.8532972806543,65.6183904034725,64.4482735963786,63.3760075504507,62.8148605574488,62.7595223071216,62.66550534866
Population ages 15-64 (% of total population),SP.POP.1564.TO.ZS,Lesotho,LSO,53.4891664633126,56.4151693910329,60.4115792247456,60.5490772547808,60.6878715594208,60.8535630858559,61.0350651450716,61.236651035911,61.4171756634931,61.5615988642917,61.6935818794545,61.824387838542
Population ages 15-64 (% of total population),SP.POP.1564.TO.ZS,Liberia,LBR,53.1839968720167,54.4940391486116,53.7657213038384,53.7897857192484,53.9201995347687,54.089168360834,54.2624604644385,54.485364332695,54.7729429527556,55.168243397235,55.6465682362599,56.1691906414887
Population ages 15-64 (% of total population),SP.POP.1564.TO.ZS,Libya,LBY,56.3777220725219,62.8478075731504,63.3483375133516,63.6138099145851,63.794938338096,64.01866481084,64.3539309261622,64.7994077612545,65.2897784289082,65.7951557137108,66.3214222666714,66.8422352903356
Population ages 15-64 (% of total population),SP.POP.1564.TO.ZS,Liechtenstein,LIE,70.9311825340263,71.2337062661802,69.3591990327532,69.0159449004623,68.775264355508,68.4507903588189,68.0628686804703,67.6396637070794,67.2093446286575,66.8851274641346,66.5928098464376,66.1720955069037
Population ages 15-64 (% of total population),SP.POP.1564.TO.ZS,Lithuania,LTU,66.5682210612315,66.2850262797369,66.7108019494817,66.4716925534925,66.1803426014449,65.8488921824463,65.4942071648677,65.1723019928706,64.8477246889613,64.5098610361822,64.2273582568033,63.8801223975521
Population ages 15-64 (% of total population),SP.POP.1564.TO.ZS,Luxembourg,LUX,69.334048493639,67.104502006299,69.1019775699248,69.1581717752907,69.2609422952806,69.424754564576,69.5349100468318,69.5485209232242,69.5306085910193,69.4608736206168,69.3411447457537,69.1715861204233
Population ages 15-64 (% of total population),SP.POP.1564.TO.ZS,"Macao SAR, China",MAC,67.9166654769621,69.6420777711275,79.2778073169766,78.7490048281353,78.1822186174804,77.548494985946,76.8056823502331,75.9266257137195,74.9560952456293,73.9855947879808,73.0649410798317,72.1860958889823
Population ages 15-64 (% of total population),SP.POP.1564.TO.ZS,Madagascar,MDG,51.6650421846369,52.0148638131288,55.1821389737488,55.5184654857286,55.809421485026,56.0723271234987,56.3137234117433,56.5476647438491,56.7848414931624,57.0341446757649,57.3019751153809,57.5810893621355
Population ages 15-64 (% of total population),SP.POP.1564.TO.ZS,Malawi,MWI,50.2526398987805,50.9759392921448,50.0816688508366,50.376568006738,50.7452664618979,51.1876980448302,51.6913185811642,52.2444012736797,52.8432775871676,53.4832745408792,54.1461221568384,54.7986746493248
Population ages 15-64 (% of total population),SP.POP.1564.TO.ZS,Malaysia,MYS,59.9189378556766,62.3698232524085,68.3706723528929,68.6839200948388,68.9469486824135,69.1765950067654,69.370653237013,69.5109718747843,69.6194531892654,69.7111909029619,69.7879245300665,69.8246179458756
Population ages 15-64 (% of total population),SP.POP.1564.TO.ZS,Maldives,MDV,50.4625328396094,56.1618936201468,71.9479297678226,72.4288401825607,72.8760600759444,73.229206223411,73.5130449875329,73.7357021222726,73.8554195374504,73.8265835727532,73.73793645695,73.5375257499709
Population ages 15-64 (% of total population),SP.POP.1564.TO.ZS,Mali,MLI,49.6490787170434,50.2722993591747,49.3306837657479,49.2616973949245,49.2381192383453,49.2767393938837,49.3742191931695,49.5008978996903,49.6641849752307,49.8961366450497,50.168993511659,50.429755730945
Population ages 15-64 (% of total population),SP.POP.1564.TO.ZS,Malta,MLT,66.2151418410116,67.6898085350748,68.0619393177533,67.8958697789854,67.7823200172588,67.7385317668188,67.7398398738678,67.7959705931414,67.8798811439645,67.9599424089662,67.9988343572258,67.7227603949851
Population ages 15-64 (% of total population),SP.POP.1564.TO.ZS,Marshall Islands,MHL,46.265269558608,52.9234939925679,59.0691787157393,59.4980017255571,59.9783442455398,60.4264520267334,60.7705593760927,61.0787362195308,61.4686385637793,61.9692031280592,62.551724137931,62.994058072121
Population ages 15-64 (% of total population),SP.POP.1564.TO.ZS,Mauritania,MRT,51.7119410655988,52.9584840984437,52.1858908954119,52.4456738102412,52.7087760830334,52.9826262580393,53.2769176645899,53.5935522687496,53.9369916638314,54.31916815963,54.7309258947071,55.1711320128062
Population ages 15-64 (% of total population),SP.POP.1564.TO.ZS,Mauritius,MUS,64.8113804584101,68.1682875789365,71.014413591474,71.0986689636785,71.1743699314776,71.191295228188,71.1911769192359,71.1991023493851,71.2144144894733,71.1871569989078,71.0683420656248,70.8996136114059
Population ages 15-64 (% of total population),SP.POP.1564.TO.ZS,Mexico,MEX,56.8428263738413,60.7566818828987,64.8149984595324,65.1127953550935,65.4058933566959,65.6734856551068,65.9112051373316,66.1370386406361,66.3801669981065,66.6419602489641,66.9132261234742,67.1697669892258
Population ages 15-64 (% of total population),SP.POP.1564.TO.ZS,"Micronesia, Fed. Sts.",FSM,52.195166475665,56.5247944426789,62.2942744419227,62.5761300264162,62.8202610050109,62.9758336327786,63.0523270292175,63.1363304456003,63.188137746513,63.2858041237573,63.4211666121576,63.5344767177044
Population ages 15-64 (% of total population),SP.POP.1564.TO.ZS,Moldova,MDA,63.6986843328482,67.5286064710638,71.8053299977858,71.2719044350382,70.4440548387924,69.6021206012918,68.8260295688799,68.1462469249678,67.5206810375074,66.9953647620125,66.5878710366939,67.704803183383
Population ages 15-64 (% of total population),SP.POP.1564.TO.ZS,Monaco,MCO,65.5197995318013,64.4191526389552,55.5884885181578,54.5153697036832,53.5187704026115,52.8978567863935,52.6366937062182,52.3306057414459,51.9333585353999,51.5370239965332,51.2239001253884,51.0488359976967
Population ages 15-64 (% of total population),SP.POP.1564.TO.ZS,Mongolia,MNG,54.8064640449183,61.3710967390792,67.7531458320263,67.3767858696148,66.8744414576818,66.2835905411175,65.6186900027923,64.8790720327586,64.1288077589937,63.5377094314938,63.150100103576,62.9242112238646
Population ages 15-64 (% of total population),SP.POP.1564.TO.ZS,Montenegro,MNE,66.0548096643047,67.0111451554456,67.8649032132888,67.6784994982615,67.3928354258466,67.1432192128553,66.8899560114984,66.5717799144673,66.1909339526266,65.8276203307381,65.559278085747,65.3546383450343
Population ages 15-64 (% of total population),SP.POP.1564.TO.ZS,Morocco,MAR,56.3957416387536,61.6352224054455,66.1747564658748,66.1790458113132,66.142044606216,66.0958678821549,66.0268700721509,65.9255785907351,65.8245062944492,65.7570777478881,65.7225451821216,65.6952183247621
Population ages 15-64 (% of total population),SP.POP.1564.TO.ZS,Mozambique,MOZ,52.7404960146266,52.8164003438556,52.0641812634548,52.2371744723321,52.4581388640207,52.7215169935327,52.9705831486167,53.1648555441119,53.3432148187942,53.5364024247809,53.7276765784608,53.9105492244298
Population ages 15-64 (% of total population),SP.POP.1564.TO.ZS,Myanmar,MMR,59.2391553591632,63.2556018960027,67.433457608235,67.6605419800223,67.8266958503902,67.9774080758746,68.1300110477783,68.2622554271907,68.353676640659,68.4222329782654,68.4899533922997,68.5436409982808
Population ages 15-64 (% of total population),SP.POP.1564.TO.ZS,Namibia,NAM,54.234188037934,55.1543558195874,59.8492408743893,59.9192109143063,59.9635782825982,59.9614694630861,59.9191764464322,59.8570549996144,59.797694352408,59.7637176197964,59.7659506815899,59.7902425484878
Population ages 15-64 (% of total population),SP.POP.1564.TO.ZS,Nauru,NRU,57.7077363896848,59.1625307184503,60.6115864777669,60.2312719959779,59.8945062804524,59.5680496655445,59.2724160068479,59.0909090909091,58.9992993446812,58.9118960617134,58.8738360708148,58.7661825071045
Population ages 15-64 (% of total population),SP.POP.1564.TO.ZS,Nepal,NPL,54.8329826936772,55.5847420431047,60.3323478158929,60.6848742773042,61.1144551700414,61.6354612470553,62.18931584452,62.7190308724486,63.2187196560908,63.8443194660466,64.5594465748024,65.0285210808843
Population ages 15-64 (% of total population),SP.POP.1564.TO.ZS,Netherlands,NLD,68.9135629930059,67.817242887742,65.924891470813,65.6839494868522,65.5157389271795,65.3886053932654,65.2409793854874,65.0923830599167,64.9319541723195,64.7526786957455,64.5459121374841,64.2603507375934
Population ages 15-64 (% of total population),SP.POP.1564.TO.ZS,New Caledonia,NCL,62.740601588591,64.5959817096016,66.9794442364085,67.0354364428585,67.0607917125979,67.0805910184231,67.0859877931482,67.0596391463072,66.9850792293622,66.888614993558,66.8269631688673,66.7676034357589
Population ages 15-64 (% of total population),SP.POP.1564.TO.ZS,New Zealand,NZL,65.6872477198295,65.5201353162142,65.4885000912227,65.414276521063,65.4247275404687,65.4267995778137,65.4021494646881,65.3902965489903,65.4231247456662,65.3534232993459,65.181093927504,64.98732905604
Population ages 15-64 (% of total population),SP.POP.1564.TO.ZS,Nicaragua,NIC,51.4030516909424,56.34353182982,62.8927869968505,63.2093914394463,63.4803808720607,63.7168142977993,63.9358515578545,64.139871801553,64.3298302921822,64.5395121934612,64.763726655125,64.9819267537007
Population ages 15-64 (% of total population),SP.POP.1564.TO.ZS,Niger,NER,50.832357851366,50.5435715474893,48.4095114194621,48.4371191348509,48.4802905625979,48.5172291811442,48.5375511053908,48.553693311148,48.5772729229084,48.6159355083704,48.6760060955013,48.7505931638789
Population ages 15-64 (% of total population),SP.POP.1564.TO.ZS,Nigeria,NGA,52.0429248953911,53.5092650742591,52.5542152258646,52.5894239697763,52.660172222587,52.7653415319508,52.9188577433807,53.0969166027638,53.2820402543837,53.4955822386776,53.732346480655,53.9809030481191
Population ages 15-64 (% of total population),SP.POP.1564.TO.ZS,North Macedonia,MKD,66.7234296101995,67.8004774930316,70.4269376759899,70.3026327476819,70.1614877308035,70.0369776077672,69.9137562243176,69.7580685226481,69.5226650950536,69.2936738523541,69.1659653977265,69.0814642826693
Population ages 15-64 (% of total population),SP.POP.1564.TO.ZS,Northern Mariana Islands,MNP,66.4965366387167,63.9817771056218,70.5957940564436,70.635027769207,70.5885778623287,70.4505896387851,70.2182183760768,69.8960321246819,69.5164266516908,69.0419771510391,68.5134848377676,67.9925733083086
Population ages 15-64 (% of total population),SP.POP.1564.TO.ZS,Norway,NOR,64.750483628308,64.8325954647103,65.9301920603558,65.8359646654918,65.7419292875162,65.6072048420064,65.434596725561,65.2738539846997,65.1658192444541,65.0589078966861,64.9353574602061,64.8572433822895
Population ages 15-64 (% of total population),SP.POP.1564.TO.ZS,Oman,OMN,53.6581817859396,60.3680873250269,75.3696406300764,75.3433014883641,75.1996915866101,75.3085671669619,75.1243655124097,74.4332865009047,73.2765696641673,71.6002019193342,70.4394519951571,70.2144834099528
Population ages 15-64 (% of total population),SP.POP.1564.TO.ZS,Pakistan,PAK,52.8094263238851,53.6185055504028,57.4984290989098,57.5815610372601,57.6676168775989,57.7487304468856,57.8894318876698,58.0944927829515,58.3067436205576,58.553442363316,58.8384851700352,59.1607587601159
Population ages 15-64 (% of total population),SP.POP.1564.TO.ZS,Palau,PLW,63.7493052604047,68.525512661276,72.2950773637359,72.1959991009216,72.0242778464651,71.7164346654692,71.3845205057046,70.9647625178426,70.4462367091787,69.9616069441353,69.5211939636041,69.0991165637376
Population ages 15-64 (% of total population),SP.POP.1564.TO.ZS,Panama,PAN,59.4791155392878,62.5950888678751,64.5304164063015,64.5837750407099,64.6358436617133,64.6933757275379,64.7525196756007,64.810361527729,64.8806081088105,64.9574625910765,65.0264509164802,65.0969399333867
Population ages 15-64 (% of total population),SP.POP.1564.TO.ZS,Papua New Guinea,PNG,55.5025165120839,57.3720010584033,60.216057553901,60.4551040133608,60.7032754699456,60.9609413552579,61.2301800281652,61.5062802094964,61.7815714784162,62.0495064433148,62.313189178443,62.5661953074544
Population ages 15-64 (% of total population),SP.POP.1564.TO.ZS,Paraguay,PRY,54.7214108611943,56.8794291913902,63.3242485578585,63.6534410293954,63.918848485339,64.129465099622,64.2924194905627,64.4229270960597,64.5332679737211,64.6306258257859,64.7506436275909,64.8742748583341
Population ages 15-64 (% of total population),SP.POP.1564.TO.ZS,Peru,PER,57.0063609784904,60.7043558485699,63.3730568345769,63.507171380965,63.6847754888722,63.9000707887348,64.1365732497109,64.4629769571081,64.7991451479283,65.0725950371773,65.3492833401425,65.5815150306442
Population ages 15-64 (% of total population),SP.POP.1564.TO.ZS,Philippines,PHL,56.1179181602634,58.5329044856955,62.1121712431454,62.4051585271721,62.7262178852042,63.0216543955099,63.2590017201993,63.4655302926892,63.6541329067773,63.8366365067102,64.0370521236995,64.2270833250223
Population ages 15-64 (% of total population),SP.POP.1564.TO.ZS,Poland,POL,64.9797686172995,68.4997929199369,70.4816679672609,70.0028763508044,69.4886650754779,68.898275431953,68.2286994782525,67.5389844098963,66.8746189788791,66.2779564153475,65.7944426901566,66.2949232026664
Population ages 15-64 (% of total population),SP.POP.1564.TO.ZS,Portugal,PRT,65.8892277732778,67.367428317824,65.6504087377031,65.4038643123055,65.2120694784122,64.9882175640896,64.7310024807107,64.5231774853533,64.3508605457981,64.2076135406882,64.0960299425574,63.9204195557044
Population ages 15-64 (% of total population),SP.POP.1564.TO.ZS,Puerto Rico,PRI,62.9927177949055,64.8311120523497,65.5233251950613,65.4483322450875,65.3491587165656,65.2137701641007,65.042680506938,64.8620223308204,64.645319539559,64.3548216762959,63.9933937904394,63.6331338605531
Population ages 15-64 (% of total population),SP.POP.1564.TO.ZS,Qatar,QAT,71.6471066362219,75.1416933849586,84.2773804280569,84.5990080220297,85.1167856835941,85.26419889903,85.1289635547761,84.8763631605808,84.2386013283533,83.3925158990503,82.8353919951195,82.6671853815894
Population ages 15-64 (% of total population),SP.POP.1564.TO.ZS,Romania,ROU,65.9533375774657,68.0294184139222,68.0556085735931,67.8141030916162,67.450548648983,67.0396866927773,66.5751300342208,66.0999129739948,65.6652220158858,65.2959873523551,65.0495794823826,65.4390132002127
Population ages 15-64 (% of total population),SP.POP.1564.TO.ZS,Russian Federation,RUS,67.0619872429443,69.3305922041972,70.9144473873167,70.2503744843455,69.5334729636981,68.886519921298,68.3099791398618,67.8530449494985,67.4321659554861,67.0134619314898,66.6869722769909,66.4978203042189
Population ages 15-64 (% of total population),SP.POP.1564.TO.ZS,Rwanda,RWA,48.9635090343701,51.5141790891565,55.3443119685584,55.5859652477736,55.8492690732657,56.1658490208555,56.5093371491992,56.8413495020571,57.188613067303,57.5710321064882,57.9670941389163,58.3371667992275
Population ages 15-64 (% of total population),SP.POP.1564.TO.ZS,Samoa,WSM,55.2653015114219,54.6177340115647,56.7070456489229,56.8228116000932,56.8994525238185,56.9452282722921,56.9634854392078,56.971831321739,56.9947452992018,57.0605710244522,57.1711981861732,57.2116897950374
Population ages 15-64 (% of total population),SP.POP.1564.TO.ZS,San Marino,SMR,70.1214767421753,68.9626246621307,67.1648965734801,66.9566779975741,66.7977360738755,66.7834131347166,66.8374612775828,66.874048483429,66.9358496086607,66.9200458729085,66.8548399045799,66.8008496605814
Population ages 15-64 (% of total population),SP.POP.1564.TO.ZS,Sao Tome and Principe,STP,49.9426638857266,52.8429827399653,54.2398468184375,54.1765191369996,54.1953078581071,54.3078445505968,54.5043778375429,54.7659266409266,55.0960162908494,55.5975320273874,56.2022791703551,56.7691898346157
Population ages 15-64 (% of total population),SP.POP.1564.TO.ZS,Saudi Arabia,SAU,56.0585700662537,61.4632760966241,69.5667616586009,69.8765350858899,70.1620981569136,70.529024791352,70.9807044086338,71.3903865177507,71.7229501853918,71.5622990420077,71.2195145221766,71.2430065022706
Population ages 15-64 (% of total population),SP.POP.1564.TO.ZS,Senegal,SEN,50.3338276052397,52.5847418045623,53.528155927019,53.5976105035626,53.7181912696068,53.8680290182127,54.054620616603,54.2652961888895,54.4939508110901,54.7617746767485,55.081950165672,55.4107311493251
Population ages 15-64 (% of total population),SP.POP.1564.TO.ZS,Serbia,SRB,69.9491463473338,68.8641631995475,67.4233486026988,66.9034432844289,66.4231618714871,66.1394370535338,65.9309191842334,65.683333920739,65.3951791065477,65.1256872702375,65.0112786228589,65.0061058396781
Population ages 15-64 (% of total population),SP.POP.1564.TO.ZS,Seychelles,SYC,59.676738393121,65.0231076692481,69.8378724900221,69.8492872521709,69.8216444981862,69.7169891103737,69.5664985438633,69.4241568946955,69.2759108002587,69.1239457974036,68.9557201290498,68.7458282182816
Population ages 15-64 (% of total population),SP.POP.1564.TO.ZS,Sierra Leone,SLE,53.0992942136058,52.6735865771595,54.2870468940611,54.6419826772994,55.034120676062,55.4444053460455,55.8678138271826,56.2883326521466,56.683182697382,57.0676686296119,57.4697995081372,57.8843276063659
Population ages 15-64 (% of total population),SP.POP.1564.TO.ZS,Singapore,SGP,72.829509805576,74.6001982187449,78.2761653795157,78.3658616733161,78.3641397248646,77.9916623671881,77.3310010066811,76.5296941553295,75.596783720183,74.6939758991294,73.8808837243788,73.043156449671
Population ages 15-64 (% of total population),SP.POP.1564.TO.ZS,Sint Maarten (Dutch part),SXM,71.7412774515613,70.9178569671526,71.9178173039937,73.4312860449355,74.8771903642627,76.1851206888212,77.3043633976004,78.0443350336714,78.3934388087483,78.5862476072579,78.6328958721221,78.4402942840973
Population ages 15-64 (% of total population),SP.POP.1564.TO.ZS,Slovak Republic,SVK,64.545421715715,69.0159995290782,71.3045725749662,70.911164707009,70.4546889547861,69.871419842766,69.1985987835276,68.5326310913554,67.8961789713241,67.3338580112946,66.8904890978119,67.2828851414196
Population ages 15-64 (% of total population),SP.POP.1564.TO.ZS,Slovenia,SVN,68.3947676362421,70.0784744945294,68.3545855249618,67.7965431870287,67.234468215576,66.7137635046554,66.190230424058,65.6432758257183,65.1231257112554,64.6964476037251,64.3106252000852,63.9242793337623
Population ages 15-64 (% of total population),SP.POP.1564.TO.ZS,Solomon Islands,SLB,51.5432465323032,53.8945551928759,55.7785924634894,55.9057075491044,56.0469101948879,56.2023365631697,56.3718666198492,56.5564756260533,56.7522922459937,56.9651926639617,57.2053299352547,57.4241048776531
Population ages 15-64 (% of total population),SP.POP.1564.TO.ZS,Somalia,SOM,50.1764978060379,50.2371562575783,49.5635629996845,49.6391190027075,49.6925600301048,49.7339158531537,49.7917852540002,49.8673601584469,49.9496771242115,50.0444472583339,50.1511639129075,50.2655119806432
Population ages 15-64 (% of total population),SP.POP.1564.TO.ZS,South Africa,ZAF,57.6416341316685,60.6024322315221,66.3437293683795,66.2573972148977,66.2924375154179,66.0639011648476,65.6765698126556,65.4643459101196,65.3046922416707,65.2597929763407,65.3549069655631,65.556213580433
Population ages 15-64 (% of total population),SP.POP.1564.TO.ZS,South Sudan,SSD,52.1361273229426,50.4246218439774,55.4531137181231,54.7562669974172,53.9296273071843,52.9839360822982,51.3617205790964,50.4693526068606,50.8793495121303,51.7018775856862,52.4394641092324,53.2445014683414
Population ages 15-64 (% of total population),SP.POP.1564.TO.ZS,Spain,ESP,66.4544915517758,68.5961601237495,66.926659885911,66.5161931727264,66.2571717181898,66.0808412311452,65.9234034428799,65.8454408583955,65.8675892142499,65.9318580535555,65.9902065694491,65.9370882417879
Population ages 15-64 (% of total population),SP.POP.1564.TO.ZS,Sri Lanka,LKA,61.9344413021691,66.0623770163042,66.435703061409,66.2142822201151,66.0259091173786,65.8929801105169,65.7866431857347,65.6886798441757,65.6220946431316,65.6098081519803,65.6286956579049,65.6453789259259
Population ages 15-64 (% of total population),SP.POP.1564.TO.ZS,St. Kitts and Nevis,KNA,56.1189585589133,62.8208794351202,70.1569091308762,70.6169765325019,70.9845155890354,71.1891184933298,71.2224419541493,71.1511484265405,70.9891745176739,70.7781917405678,70.5691449696995,70.3750721292556
Population ages 15-64 (% of total population),SP.POP.1564.TO.ZS,St. Lucia,LCA,54.295472273561,61.0369905956113,70.1158476478415,70.6281624795842,71.1208099166966,71.5628339101033,71.9070237379596,72.1628215506386,72.3664280294652,72.5106214415033,72.6272811526762,72.7295219826807
Population ages 15-64 (% of total population),SP.POP.1564.TO.ZS,St. Martin (French part),MAF,69.7959256230668,67.0072105236495,66.5483522496107,66.5135207952241,66.5790976584809,66.5666025107006,66.6734306378908,66.8094471441443,66.862913817309,66.9508186649464,67.0725408873934,67.1384983171338
Population ages 15-64 (% of total population),SP.POP.1564.TO.ZS,St. Vincent and the Grenadines,VCT,56.0511167907545,61.3579352004393,66.5686365751512,66.7132782101167,66.8202137450461,66.8915890055444,66.9507382861907,66.9957874440186,67.0173983902557,67.0465677490264,67.1155541923858,67.2209528848698
Population ages 15-64 (% of total population),SP.POP.1564.TO.ZS,Sudan,SDN,49.5593238709839,52.5172296061113,55.0569107380744,55.1028653717109,55.2266044815279,55.3274373279603,55.4613566704363,55.5519184370297,55.5325403745777,55.4843628397763,55.4901026949713,55.5710471371418
Population ages 15-64 (% of total population),SP.POP.1564.TO.ZS,Suriname,SUR,59.6758133134346,62.3121993075135,64.7275364528936,65.0034580695897,65.2560059081628,65.4659963917978,65.6388842321501,65.7892808748986,65.9577994687661,66.1170550105837,66.2521646142766,66.3626412832169
Population ages 15-64 (% of total population),SP.POP.1564.TO.ZS,Sweden,SWE,64.2847136813994,64.3089508015602,63.8042116992844,63.3980724407678,63.057637771676,62.7858682688394,62.5723316024056,62.408822295902,62.288000546167,62.22232112844,62.1816870522935,62.1512118238219
Population ages 15-64 (% of total population),SP.POP.1564.TO.ZS,Switzerland,CHE,68.342376506196,67.3127998530783,67.5949422176318,67.4293286186714,67.2724497725838,67.1036658991905,66.8888294135833,66.6425331384329,66.404241528147,66.2144142815519,65.9689775181957,65.644252392777
Population ages 15-64 (% of total population),SP.POP.1564.TO.ZS,Syrian Arab Republic,SYR,50.551557492985,55.6823348103903,57.8538930393469,55.796453030236,54.7772365030211,55.044976200485,55.8963783728002,57.3248336317193,59.3093259878851,60.9797413135012,62.353384276307,63.9047263130174
Population ages 15-64 (% of total population),SP.POP.1564.TO.ZS,Tajikistan,TJK,53.0226645739587,53.8827882710318,60.4420722855051,60.4428496142607,60.4026425193386,60.37866697932,60.3703087493453,60.3464344979655,60.2966819224541,60.2694041950468,60.264091599809,60.2581266935583
Population ages 15-64 (% of total population),SP.POP.1564.TO.ZS,Tanzania,TZA,50.7016462481968,52.550982332021,52.0001337566022,52.0338568766075,52.0839301679325,52.1760708604475,52.3189387348528,52.5048474841206,52.7333021682597,52.9949476309012,53.274958422405,53.5391079400165
Population ages 15-64 (% of total population),SP.POP.1564.TO.ZS,Thailand,THA,65.7419946160137,69.8434103850766,71.9936341061176,71.843179700994,71.6337377501083,71.3995603582685,71.1327737822408,70.8181288942403,70.465660239545,70.083656934732,69.6880465654279,69.2679087911167
Population ages 15-64 (% of total population),SP.POP.1564.TO.ZS,Timor-Leste,TLS,55.750119376446,53.8169166497317,54.4541153884233,54.9424389996877,55.4683852305457,56.0176618252077,56.6186601889426,57.2670742971307,57.9594474544833,58.6828795495367,59.4205498803127,60.0815554508475
Population ages 15-64 (% of total population),SP.POP.1564.TO.ZS,Togo,TGO,51.8716587197916,54.2720493894263,55.4853847237403,55.5644921514141,55.6721569533168,55.7958851526692,55.9377712012092,56.0970246234502,56.2630332577165,56.4440194821962,56.6556782094822,56.9049222323486
Population ages 15-64 (% of total population),SP.POP.1564.TO.ZS,Tonga,TON,55.3202264831302,56.3202651007529,56.9362866400844,57.0599903400219,57.2482614349522,57.490717309557,57.7441540577717,58.0382404268168,58.3656104544523,58.744085735459,59.1782449984436,59.5288117352549
Population ages 15-64 (% of total population),SP.POP.1564.TO.ZS,Trinidad and Tobago,TTO,61.0547339024262,68.8893392708691,71.7232832394978,71.4258879228159,71.1185257398677,70.8089982539655,70.5187720604596,70.4543536324964,70.2303028708087,69.8010139993031,69.6000034083543,69.4385760831903
Population ages 15-64 (% of total population),SP.POP.1564.TO.ZS,Tunisia,TUN,57.5037616897631,64.4076700070871,69.0243064234356,68.6666480589465,68.2545525509076,67.8364757511712,67.4257116594475,67.0503366639595,66.7259176217799,66.4714366541649,66.2836238535177,66.1390103379565
Population ages 15-64 (% of total population),SP.POP.1564.TO.ZS,Turkiye,TUR,59.5419012784408,63.5091098609784,67.8680386218327,68.1300279399189,68.3048358685533,68.4396228115479,68.5118362383188,68.349797576189,68.1468811769537,68.1068441709647,68.1407426152799,68.1316855938385
Population ages 15-64 (% of total population),SP.POP.1564.TO.ZS,Turkmenistan,TKM,55.8951970934434,58.6831809630363,66.0217915360971,65.8235290170562,65.5587948976763,65.2467389154906,64.9077815549036,64.5813912000298,64.2897122963358,64.0515352684084,63.8690493554331,63.7326584738174
Population ages 15-64 (% of total population),SP.POP.1564.TO.ZS,Turks and Caicos Islands,TCA,65.1791433573899,68.3080370241938,72.1888999687449,72.6239817064456,72.960656859391,73.1975474880055,73.2795402068065,73.2823139499849,73.2694986072423,73.2115230426976,73.1059094737776,72.9817843662819
Population ages 15-64 (% of total population),SP.POP.1564.TO.ZS,Tuvalu,TUV,57.7783827933569,57.7765096493048,62.5893020699762,62.7764015047252,62.8941803806197,63.0114264651677,63.0062341260679,62.8393925448688,62.6369112814896,62.399494082573,62.1457580220467,61.8750828802546
Population ages 15-64 (% of total population),SP.POP.1564.TO.ZS,Uganda,UGA,48.8551672492115,47.2871988833796,49.2343573389368,49.5457375625987,49.9445411784118,50.4712568156863,51.0694160814323,51.6174541998215,52.1539029473972,52.6650768317732,53.1311945550048,53.5245505330893
Population ages 15-64 (% of total population),SP.POP.1564.TO.ZS,Ukraine,UKR,66.4503403840335,68.4959625053771,70.0260882954999,69.5843108436441,69.0892998006961,68.6358507394314,68.2202790491619,67.9258905787547,67.6782917011928,67.4827124911094,67.3780585435505,65.7656897598365
Population ages 15-64 (% of total population),SP.POP.1564.TO.ZS,United Arab Emirates,ARE,69.2850806896187,76.9276742242697,85.240036460873,85.1238545164038,85.0081794130448,84.8434329749975,84.595677324366,84.2509485190619,83.8167769381774,83.4050388654859,83.0985522967638,82.9388933748757
Population ages 15-64 (% of total population),SP.POP.1564.TO.ZS,United Kingdom,GBR,65.2554417840764,65.2232542529896,65.0427822197394,64.7463351681576,64.4801151299842,64.2256509358444,63.9804670881907,63.7695116057054,63.5952093617214,63.4891380150104,63.4226913215275,63.3633950575328
Population ages 15-64 (% of total population),SP.POP.1564.TO.ZS,United States,USA,66.1588765522118,66.2569660324819,66.5719624236532,66.4410413965544,66.3750863651906,66.1534833947932,65.8777858254785,65.6912807447973,65.4722992136952,65.2652503157439,65.0780698085871,64.9124413446425
Population ages 15-64 (% of total population),SP.POP.1564.TO.ZS,Uruguay,URY,62.7960426851031,62.5375486999747,63.8753683809545,64.0132424771753,64.1197184392052,64.2016178027434,64.3195072877816,64.478944232373,64.6635603662749,64.8650157993973,65.104788472677,65.3222871902731
Population ages 15-64 (% of total population),SP.POP.1564.TO.ZS,Uzbekistan,UZB,56.1535746498529,58.5298473500359,67.2570286657385,67.2820945104029,67.1438226583747,66.9063129851903,66.6389404364571,66.2795963805505,65.8289087273935,65.3623781423,64.9472092574468,64.6521403667199
Population ages 15-64 (% of total population),SP.POP.1564.TO.ZS,Vanuatu,VUT,51.5530296754097,53.0904755458834,56.9885801994813,56.8086927206245,56.6386375269726,56.5310114470125,56.4810380410627,56.4563165577972,56.4651639512557,56.5293485409949,56.6611778972321,56.8694422638149
Population ages 15-64 (% of total population),SP.POP.1564.TO.ZS,"Venezuela, RB",VEN,58.0648597694275,61.2958568783831,64.7777567959726,64.9376581861809,65.0859903184163,65.1530106886421,64.9612567252956,64.3898519906648,63.7732805551324,63.5214125320961,63.491135676121,63.8172472741077
Population ages 15-64 (% of total population),SP.POP.1564.TO.ZS,Viet Nam,VNM,56.0459826908867,62.4262418890097,69.7627580422877,69.6980666084667,69.5570272703589,69.4575874800272,69.3563953175271,69.224764220404,69.0674366561731,68.8794569159397,68.7017158657313,68.4929044881527
Population ages 15-64 (% of total population),SP.POP.1564.TO.ZS,Virgin Islands (U.S.),VIR,63.7875552465611,65.2382492951888,64.2958734551884,63.77789385102,63.2619511981596,62.7681045393904,62.3047392760012,61.8717598370238,61.4719344616743,61.0911715658212,60.7522154839096,60.4031568893581
Population ages 15-64 (% of total population),SP.POP.1564.TO.ZS,West Bank and Gaza,PSE,48.5666539113785,50.0863308963015,55.7678276909165,56.0419539024825,56.2652612092436,56.4776305180319,56.6341054934363,56.7370433310759,56.8722351708821,57.0909201027254,57.378152691242,57.6979896656655
Population ages 15-64 (% of total population),SP.POP.1564.TO.ZS,"Yemen, Rep.",YEM,46.1723561229839,47.9750506483262,54.8288445131304,55.1763098188237,55.5107955749899,55.821782484305,56.1245786642202,56.4338933949216,56.7598310073155,57.0927069843214,57.4388542789782,57.8405281314022
Population ages 15-64 (% of total population),SP.POP.1564.TO.ZS,Zambia,ZMB,48.5904716654778,49.3537268799927,52.2690485367355,52.5331537910049,52.8263940133787,53.1354082735139,53.4613504346024,53.810027902724,54.1878688509517,54.5897669105859,54.9987071926052,55.3959538258064
Population ages 15-64 (% of total population),SP.POP.1564.TO.ZS,Zimbabwe,ZWE,48.8863141027891,54.9202591215738,53.6349939395097,53.799450668614,54.0297035585535,54.3147028294946,54.6145843622113,54.9078459311951,55.1852465131395,55.4676532352381,55.7433527470244,56.0441516109427
Population ages 15-64 (% of total population),SP.POP.1564.TO.ZS,Africa Eastern and Southern,AFE,51.5369286027593,52.292565736414,54.1048272085196,54.2343963532004,54.3903579093753,54.5306855647747,54.6660776466573,54.8342732029661,55.021545078717,55.2352001314207,55.4719319934514,55.7216383505643
Population ages 15-64 (% of total population),SP.POP.1564.TO.ZS,Africa Western and Central,AFW,51.3089386745222,52.6594089732181,52.7908943488443,52.8511320439605,52.9452709759278,53.0644427203076,53.2154313465693,53.3860935604053,53.5700609108907,53.7836969284942,54.0218266612134,54.2713665186819
Population ages 15-64 (% of total population),SP.POP.1564.TO.ZS,Arab World,ARB,53.5488307012894,57.8467206304404,62.3351063363938,62.2373282118549,62.1709559352476,62.1615989741938,62.1889556359434,62.2334914228974,62.2913010911581,62.3016653464241,62.3373857255682,62.4907523269258
Population ages 15-64 (% of total population),SP.POP.1564.TO.ZS,Caribbean small states,CSS,58.6227549363872,62.6965654439091,68.5031637540851,68.789025189734,69.0039173255779,69.1484427568974,69.2842447231321,69.505626379023,69.6514700943543,69.7014515681411,69.8196116192841,69.8999638245161
Population ages 15-64 (% of total population),SP.POP.1564.TO.ZS,Central Europe and the Baltics,CEB,65.7601727632632,68.3103742360138,68.8442646677705,68.4188083700069,67.9610361672886,67.4639965842985,66.9268566867041,66.3838680432122,65.8512784081013,65.3728871222705,65.0184664814928,65.3057833104451
Population ages 15-64 (% of total population),SP.POP.1564.TO.ZS,Early-demographic dividend,EAR,56.6809225953128,59.6688786953421,63.9391256450955,64.1637416646319,64.3789635113085,64.5951304431355,64.8090304679754,65.0061119633817,65.1931396724723,65.3921160785656,65.6108126960052,65.8380209463331
Population ages 15-64 (% of total population),SP.POP.1564.TO.ZS,East Asia & Pacific,EAS,64.6479522859566,67.2258661344611,70.1719837510708,69.9465550390861,69.6990836965359,69.4319780214692,69.0907565531869,68.7599311311439,68.4882415713579,68.2585739459429,68.1250872160968,68.0208697060167
Population ages 15-64 (% of total population),SP.POP.1564.TO.ZS,East Asia & Pacific (excluding high income),EAP,64.0441626813957,67.0014377338686,70.6085935452374,70.407018533109,70.1733559327573,69.9099029297727,69.5635633687536,69.226780070928,68.9538398372507,68.7291298217007,68.6088258129372,68.5157504250458
Population ages 15-64 (% of total population),SP.POP.1564.TO.ZS,East Asia & Pacific (IDA & IBRD countries),TEA,63.9795683156577,66.9877942898098,70.6250481589529,70.4190775143028,70.1817238337876,69.9131090172523,69.5592127024405,69.2166337193561,68.9405576810846,68.7147611235592,68.5953268464483,68.5048833919239
Population ages 15-64 (% of total population),SP.POP.1564.TO.ZS,Euro area,EMU,67.4461670447916,67.2830258208839,65.5290181870216,65.240211658086,64.9907533969458,64.768467474762,64.5449203909397,64.3390182102563,64.1422770083796,63.9622685631968,63.7977251077901,63.6120860908067
Population ages 15-64 (% of total population),SP.POP.1564.TO.ZS,Europe & Central Asia,ECS,65.7450956429957,66.8097875380953,67.3540851903358,67.0317298918295,66.6982620688655,66.381287121491,66.0701145772017,65.768875607491,65.477633507778,65.2262325330334,65.0316056587046,64.8486019082707
Population ages 15-64 (% of total population),SP.POP.1564.TO.ZS,Europe & Central Asia (excluding high income),ECA,64.3390533983931,66.3559310245039,69.1006680310924,68.7572648285936,68.3554473589332,67.9756459508077,67.6184895055824,67.2662656537267,66.9170455904267,66.6205426545894,66.409114008062,66.1145062735215
Population ages 15-64 (% of total population),SP.POP.1564.TO.ZS,Europe & Central Asia (IDA & IBRD countries),TEC,64.5290125373391,66.6383760501799,69.1483614821052,68.799010821035,68.3906224378069,67.9928842255586,67.6056721438552,67.2202491875594,66.8410224509183,66.5163231623576,66.2815692364779,66.079842841048
Population ages 15-64 (% of total population),SP.POP.1564.TO.ZS,European Union,EUU,66.9859844811724,67.4470717392474,66.1611400667818,65.8399415123965,65.5440658559923,65.2631521133682,64.9751498084647,64.7002869770275,64.436629888079,64.1984957045488,63.9973854270376,63.9147824250508
Population ages 15-64 (% of total population),SP.POP.1564.TO.ZS,Fragile and conflict affected situations,FCS,53.8337412648134,54.5885510940674,55.4196544409718,55.4325145634529,55.4647644096967,55.5242631966948,55.6043235759489,55.6971620996793,55.8149832675138,55.9717916045313,56.1527187406007,56.2481992683385
Population ages 15-64 (% of total population),SP.POP.1564.TO.ZS,Heavily indebted poor countries (HIPC),HPC,50.891986711624,51.3326864388674,52.9101907354785,53.0939404976223,53.2835312271249,53.4824435887286,53.7061771233617,53.9266771051614,54.1433573443565,54.3781973458984,54.6264392257318,54.873311226783
Population ages 15-64 (% of total population),SP.POP.1564.TO.ZS,High income,HIC,66.8459632995971,67.159741204204,66.7025937133222,66.4472847286248,66.2317153828514,65.9970485505387,65.7469589360234,65.5317519870027,65.3107236426279,65.0746390565316,64.857688835589,64.7208319344173
Population ages 15-64 (% of total population),SP.POP.1564.TO.ZS,IBRD only,IBD,61.419858482067,64.2674040557662,68.0006656976791,67.969380561971,67.9105140011836,67.8393765260474,67.7323234709226,67.6251671769392,67.547587223782,67.5080190351318,67.5344616116629,67.57917094615
Population ages 15-64 (% of total population),SP.POP.1564.TO.ZS,IDA & IBRD total,IBT,59.6074842688835,62.0170668676132,65.0628298904673,65.0477376978856,65.016186805746,64.9801572294806,64.923902430639,64.8703375847703,64.839518427971,64.8405072583624,64.8920467782341,64.9558210769192
Population ages 15-64 (% of total population),SP.POP.1564.TO.ZS,IDA blend,IDB,52.2473947680889,53.8103313698973,55.9538479004789,56.0307972925618,56.1201085292746,56.2167570176796,56.3550739974696,56.5270292521931,56.7059844405617,56.9138447953951,57.1525590092736,57.4215273808031
Population ages 15-64 (% of total population),SP.POP.1564.TO.ZS,IDA only,IDX,52.4327932166773,54.0545928627826,56.2993126742275,56.4483727826921,56.6185740463601,56.8195285605391,57.0411566056477,57.2662791830226,57.4951481633359,57.7355992933537,57.9790245506421,58.2093730928042
Population ages 15-64 (% of total population),SP.POP.1564.TO.ZS,IDA total,IDA,52.3718504929611,53.9732316658593,56.1835630650198,56.3085502370248,56.4518972309547,56.6184457945972,56.8128021991588,57.02069304589,57.2334920356964,57.4635974411561,57.7058294889272,57.9491504668282
Population ages 15-64 (% of total population),SP.POP.1564.TO.ZS,Late-demographic dividend,LTE,64.6044335345913,67.5606734574954,71.302630228198,71.0453404744705,70.7441837384643,70.4166077047911,70.0168770982559,69.6308320681627,69.3036904789683,69.0193002261529,68.8367030115714,68.7097438790324
Population ages 15-64 (% of total population),SP.POP.1564.TO.ZS,Latin America & Caribbean,LCN,58.9479905532663,62.1859233280864,66.2490839840606,66.4713895161893,66.6643414650759,66.8386559866219,66.9891313926848,67.1082442690261,67.2153497676364,67.3344199449535,67.4622110291801,67.5737949320948
Population ages 15-64 (% of total population),SP.POP.1564.TO.ZS,Latin America & Caribbean (excluding high income),LAC,58.7234141115381,62.0811556436023,66.2529036443499,66.4913403810793,66.6994708015395,66.8909344645216,67.0656470040587,67.2190047062213,67.3612425581596,67.5044859466134,67.6483004429127,67.7629554872917
Population ages 15-64 (% of total population),SP.POP.1564.TO.ZS,Latin America & the Caribbean (IDA & IBRD countries),TLA,58.6551985161299,62.0092646208458,66.1911272499253,66.4209246752664,66.6205406899581,66.8011832788038,66.9575676733157,67.0822764569199,67.1961180150222,67.3231674777287,67.4570746437309,67.5741980199606
Population ages 15-64 (% of total population),SP.POP.1564.TO.ZS,Least developed countries: UN classification,LDC,52.1905627819884,53.5562272122691,55.6974997597135,55.9079460175688,56.1096315299164,56.3165800555105,56.5345653356095,56.7452384303833,56.9505999941628,57.1714320037067,57.3982265685292,57.6083121647567
Population ages 15-64 (% of total population),SP.POP.1564.TO.ZS,Low & middle income,LMY,59.5684432532058,61.964029047718,65.0256716579187,65.0146022305033,64.9872171947517,64.9565113002492,64.9072320200197,64.8614525769258,64.8378459318594,64.8439999562701,64.8992639688676,64.9579296885171
Population ages 15-64 (% of total population),SP.POP.1564.TO.ZS,Low income,LIC,51.8913436889004,51.675567674904,53.1759397282975,53.2500504835155,53.3665700369766,53.5427666602185,53.7586295328922,53.991419399883,54.2475391891583,54.5103194170577,54.7699418652037,55.0368222386215
Population ages 15-64 (% of total population),SP.POP.1564.TO.ZS,Lower middle income,LMC,56.1230406901963,58.9768781689203,62.8145979450035,62.9890414576526,63.1456705919126,63.308277964507,63.4799698731059,63.6447031853061,63.802478748812,63.9754307250825,64.1678077914421,64.3360390447412
Population ages 15-64 (% of total population),SP.POP.1564.TO.ZS,Middle East & North Africa,MEA,54.029846477765,59.6475568288039,65.2288208164775,65.0247306063901,64.8318852388079,64.7197213538938,64.6556847298437,64.617034215788,64.6188659975011,64.5996511142246,64.6190386012101,64.7527169696278
Population ages 15-64 (% of total population),SP.POP.1564.TO.ZS,Middle East & North Africa (excluding high income),MNA,53.5331163388438,59.1165352027135,64.086691356751,63.8239669850174,63.5741744835004,63.4105737220992,63.3069727239001,63.2438694503377,63.2513210329152,63.3101305439109,63.4189148193037,63.588566093391
Population ages 15-64 (% of total population),SP.POP.1564.TO.ZS,Middle East & North Africa (IDA & IBRD countries),TMN,53.5764229733501,59.2104490911916,64.1810967405822,63.9125620414047,63.6576525959897,63.4901055613316,63.3837546465768,63.3193640726407,63.3259338685622,63.3835262136635,63.4908959271302,63.6594243361759
Population ages 15-64 (% of total population),SP.POP.1564.TO.ZS,Middle income,MIC,60.1286204289624,62.8132549037933,66.2304663823518,66.2257542653789,66.1995950788357,66.165113570243,66.1063301589211,66.050021038207,66.0166785683525,66.0155633167046,66.0690939844142,66.1265775747611
Population ages 15-64 (% of total population),SP.POP.1564.TO.ZS,North America,NAC,66.3503639537603,66.4612721027401,66.7665479600313,66.6117443354034,66.5136955677837,66.2771022675161,65.9963274333918,65.79988549071,65.5734893798674,65.3525883359246,65.1470085950716,64.9622285433851
Population ages 15-64 (% of total population),SP.POP.1564.TO.ZS,Not classified,INX,..,..,..,..,..,..,..,..,..,..,..,..
Population ages 15-64 (% of total population),SP.POP.1564.TO.ZS,OECD members,OED,65.7358412746658,66.2762394764737,66.1277811053188,65.9420162302825,65.7912916924508,65.6223941555481,65.4417871854184,65.2837087161668,65.1261076974064,64.9879896311008,64.8721267548722,64.7887033603655
Population ages 15-64 (% of total population),SP.POP.1564.TO.ZS,Other small states,OSS,56.6209812539967,58.7396860183795,63.4931613943722,63.6782095250075,63.9085741871244,64.1103692474767,64.2498111206146,64.3372900860346,64.3644475489913,64.3073665335065,64.2919573174035,64.3867742359662
Population ages 15-64 (% of total population),SP.POP.1564.TO.ZS,Pacific island small states,PSS,55.2525319042879,57.7808094988617,60.3584267504718,60.3747255826606,60.3972780039861,60.430089319513,60.4598293695373,60.4951328117789,60.5408368844191,60.6126327035006,60.7307095458283,60.8565817769792
Population ages 15-64 (% of total population),SP.POP.1564.TO.ZS,Post-demographic dividend,PST,67.3139928052221,67.3093681440472,66.2323101243687,65.9344314702343,65.6853673292114,65.4216845218132,65.1480295947616,64.9209433315866,64.6971488327544,64.4881839591609,64.3018153594751,64.0696628237977
Population ages 15-64 (% of total population),SP.POP.1564.TO.ZS,Pre-demographic dividend,PRE,50.9783201152612,51.7612486369314,52.4459900181146,52.5490266144428,52.6677957062745,52.8065676292452,52.9735666731016,53.1610233557843,53.3716669619254,53.6114807974822,53.8675676254527,54.1312412692854
Population ages 15-64 (% of total population),SP.POP.1564.TO.ZS,Small states,SST,56.9991220707252,59.5412879531479,64.24282988034,64.425213409308,64.6284438055907,64.7987381865131,64.9214426260309,65.0253138578134,65.0687009338245,65.030928483797,65.0418638786356,65.127585242463
Population ages 15-64 (% of total population),SP.POP.1564.TO.ZS,South Asia,SAS,56.9570250079292,59.3808973329368,63.7377229165456,64.0635565444573,64.37239651192,64.679469086551,64.9910327230474,65.2850303628359,65.5582765110895,65.8386869958884,66.1270225657326,66.4016866770804
Population ages 15-64 (% of total population),SP.POP.1564.TO.ZS,South Asia (IDA & IBRD),TSA,56.9570250079292,59.3808973329368,63.7377229165456,64.0635565444573,64.37239651192,64.679469086551,64.9910327230474,65.2850303628359,65.5582765110895,65.8386869958884,66.1270225657326,66.4016866770805
Population ages 15-64 (% of total population),SP.POP.1564.TO.ZS,Sub-Saharan Africa,SSF,51.4456941724887,52.4399189269552,53.5721473400443,53.6736876238022,53.8048579352266,53.9366658820858,54.0782043288598,54.2474645345129,54.4335921413221,54.6474525837617,54.8848665961185,55.1345094247887
Population ages 15-64 (% of total population),SP.POP.1564.TO.ZS,Sub-Saharan Africa (excluding high income),SSA,51.4445866244978,52.4383977840698,53.5706153239544,53.6721818528169,53.803374429176,53.9352238499927,54.0768088980168,54.2461201076965,54.4323000823634,54.6462144148998,54.8836840648842,55.1333848420486
Population ages 15-64 (% of total population),SP.POP.1564.TO.ZS,Sub-Saharan Africa (IDA & IBRD countries),TSS,51.4456941724887,52.4399189269552,53.5721473400443,53.6736876238022,53.8048579352266,53.9366658820858,54.0782043288598,54.2474645345129,54.4335921413221,54.6474525837617,54.8848665961185,55.1345094247887
Population ages 15-64 (% of total population),SP.POP.1564.TO.ZS,Upper middle income,UMC,63.6253148948198,66.4632445122764,69.8806379991838,69.7098269387764,69.5108897186563,69.2855293854979,68.9956949808713,68.7161679503049,68.4901739973038,68.3143626641646,68.2314968226698,68.1780909327936
Population ages 15-64 (% of total population),SP.POP.1564.TO.ZS,World,WLD,60.9754721569976,62.8933551624296,65.3027120631305,65.2503291222246,65.1913824031446,65.1266658940938,65.0432501016052,64.9673570070214,64.9093938588541,64.8758003243854,64.8876877633218,64.9167474659748
,,,,,,,,,,,,,,,
,,,,,,,,,,,,,,,
,,,,,,,,,,,,,,,
Data from database: World Development Indicators,,,,,,,,,,,,,,,
Last Updated: 10/26/2023,,,,,,,,,,,,,,,
